,label,p,r,f1,micro,macro
0,ship,0.9264069264069265,0.9224137931034483,0.9244060475161987,0.8289637952559301,0.7888523047396889
1,giá,0.8852459016393442,0.9,0.8925619834710743,0.8634590377113134,0.8252859740968024
2,chính hãng,0.6,0.75,0.6666666666666665,0.845859872611465,0.8043883343972643
3,chất lượng,0.782608695652174,0.8811188811188811,0.8289473684210527,,
4,dịch vụ,0.75,0.6728971962616822,0.70935960591133,,
5,an toàn,0.75,0.8135593220338984,0.7804878048780488,,
