,label,p,r,f1,micro,macro
0,ship,0.927038626609442,0.9310344827586207,0.9290322580645161,0.841025641025641,0.8336599331403571
1,giá,0.9423076923076923,0.8166666666666667,0.8749999999999999,0.8530559167750326,0.8014796456095199
2,chính hãng,0.7894736842105263,0.625,0.6976744186046512,0.8469980632666236,0.8142536456205113
3,chất lượng,0.7915309446254072,0.8496503496503497,0.8195615514333896,,
4,dịch vụ,0.717948717948718,0.7850467289719626,0.75,,
5,an toàn,0.8181818181818182,0.7627118644067796,0.7894736842105264,,
