,label,p,r,f1,micro,macro
0,ship,0.921161825726141,0.9568965517241379,0.9386892177589852,0.8403575989782887,0.8062462035731508
1,giá,0.918918918918919,0.85,0.8831168831168831,0.8556566970091027,0.8130785456889228
2,chính hãng,0.5806451612903226,0.75,0.6545454545454547,0.847938144329897,0.8043808984980728
3,chất lượng,0.7791798107255521,0.8636363636363636,0.8192371475953566,,
4,dịch vụ,0.8313253012048193,0.6448598130841121,0.7263157894736842,,
5,an toàn,0.7619047619047619,0.8135593220338984,0.7868852459016393,,
