,label,p,r,f1,micro,macro
0,ship,0.9146341463414634,0.9698275862068966,0.9414225941422595,0.7783964365256125,0.7597177626644062
1,giá,0.8740157480314961,0.925,0.8987854251012146,0.9089726918075423,0.8785260034841086
2,chính hãng,0.525,0.875,0.6562500000000001,0.838632273545291,0.8050016454410892
3,chất lượng,0.682741116751269,0.9405594405594405,0.7911764705882353,,
4,dịch vụ,0.8021978021978022,0.6822429906542056,0.7373737373737373,,
5,an toàn,0.7868852459016393,0.8135593220338984,0.8,,
