,label,p,r,f1,micro,macro
0,ship,0.9098360655737705,0.9568965517241379,0.9327731092436975,0.8682795698924731,0.8274790749347976
1,giá,0.888,0.925,0.9061224489795918,0.8400520156046815,0.8180127547820104
2,chính hãng,0.6956521739130435,0.6666666666666666,0.6808510638297872,0.853932584269663,0.8210748655361565
3,chất lượng,0.8828451882845189,0.7377622377622378,0.8038095238095239,,
4,dịch vụ,0.7610619469026548,0.8037383177570093,0.7818181818181817,,
5,an toàn,0.7931034482758621,0.7796610169491526,0.7863247863247863,,
