,label,p,r,f1,micro,macro
0,ship,0.9160284043504999,0.9407327586206897,0.9278426793925114,0.8341474811580376,0.8079198481068055
1,giá,0.9029294862928496,0.9154166666666669,0.9088903230990812,0.8697659297789336,0.8338833880964884
2,chính hãng,0.6500688699339614,0.7562499999999999,0.6959752250485838,0.8512450927818522,0.8173185761693265
3,chất lượng,0.7788201163737656,0.8715034965034963,0.821540001894099,,
4,dịch vụ,0.7917523635829514,0.6855140186915889,0.7323446514123566,,
5,an toàn,0.8093910684482049,0.7991525423728814,0.802825149924705,,
