,label,p,r,f1,micro,macro
0,ship,0.9224079617901895,0.9409482758620689,0.9310609049281119,0.836391851451568,0.8033528074797486
1,giá,0.8986892551853896,0.9125,0.9049971863943392,0.8682054616384915,0.8309807581504327
2,chính hãng,0.6288795764343594,0.7458333333333332,0.678421114695752,0.8516643285684055,0.8136004004186631
3,chất lượng,0.7874073735051884,0.8687062937062937,0.8250284891957399,,
4,dịch vụ,0.7793798704836156,0.6869158878504673,0.7284943068793719,,
5,an toàn,0.8164974140011166,0.7906779661016949,0.801894603609262,,
