,label,p,r,f1,micro,macro
0,ship,0.9176895521592915,0.9431034482758619,0.929937944930705,0.8381979278865831,0.8131656156267001
1,giá,0.8982878817518051,0.9229166666666668,0.9100281118657909,0.8676853055916774,0.828208352770873
2,chính hãng,0.6710450674432875,0.73125,0.6913421862846884,0.8524627199934928,0.8162203496236226
3,chất lượng,0.7870935075893754,0.8657342657342658,0.8239382253049348,,
4,dịch vụ,0.7917120691897415,0.6780373831775698,0.7258552797319933,,
5,an toàn,0.7965860507460215,0.8228813559322032,0.8086788105833976,,
