,label,p,r,f1,micro,macro
0,ship,0.9149559510500724,0.9446120689655171,0.9293111822220844,0.8408544582359271,0.8158710539349956
1,giá,0.9056861922296099,0.9058333333333335,0.9052601021519177,0.8641092327698308,0.827031055929783
2,chính hãng,0.6605363704062952,0.7458333333333333,0.695503290294744,0.8520746099357677,0.8176213852155083
3,chất lượng,0.7864593651343333,0.8608391608391607,0.8213665603692487,,
4,dịch vụ,0.8117173908546672,0.6780373831775702,0.736665791039547,,
5,an toàn,0.8207506879318668,0.8042372881355933,0.8112468245849602,,
