,label,p,r,f1,micro,macro
0,ship,0.9237016606575963,0.9370689655172413,0.9300667858954048,0.8454986722293876,0.8176939163823291
1,giá,0.9045846010651412,0.90625,0.9050686606277345,0.8574772431729519,0.8188262007892206
2,chính hãng,0.6649258632602113,0.725,0.6898253238804825,0.8511346002590606,0.8150437486272931
3,chất lượng,0.7938384358177654,0.8524475524475523,0.8210943088350675,,
4,dịch vụ,0.801419021110932,0.6733644859813083,0.7291636638977768,,
5,an toàn,0.797120956802839,0.7906779661016949,0.7914700909534702,,
