,label,p,r,f1,micro,macro
0,ship,0.9121051041155319,0.9482758620689653,0.9295463154794164,0.8361113756468059,0.8069682619667473
1,giá,0.8987259832655592,0.9175000000000001,0.9077521612031161,0.8691157347204159,0.8332355320852743
2,chính hãng,0.652977746327936,0.7479166666666667,0.6939265010845561,0.851797666749704,0.8166726292912705
3,chất lượng,0.7901574700970426,0.8613636363636363,0.8227824646699793,,
4,dịch vụ,0.7808750060276666,0.6911214953271028,0.7293557040192848,,
5,an toàn,0.7955035385992061,0.8118644067796611,0.8020215258971799,,
