,label,p,r,f1,micro,macro
0,ship,0.9145702938264082,0.9372844827586209,0.9253749673623567,0.8281015172467446,0.8064932114667649
1,giá,0.8913146866184297,0.9133333333333334,0.9014490122027196,0.8659947984395318,0.820623230996096
2,chính hãng,0.6764861768947019,0.7020833333333333,0.6825991882918384,0.8461612773770308,0.8097404718887826
3,chất lượng,0.7702984219492341,0.8723776223776223,0.817076139945998,,
4,dịch vụ,0.7797964780450508,0.67803738317757,0.7222030516410005,,
5,an toàn,0.7849936242737164,0.7991525423728814,0.7904211393335702,,
