,label,p,r,f1,micro,macro
0,ship,0.9186480866262452,0.9413793103448274,0.9296821166139964,0.8253811805757545,0.8008740387982014
1,giá,0.8925328014003332,0.9108333333333333,0.900712310693001,0.8685305591677503,0.8298302866163805
2,chính hãng,0.6643396613217236,0.7354166666666666,0.6930801850156043,0.8459325815049759,0.81213698272687
3,chất lượng,0.7665664907382107,0.8685314685314687,0.813153159750156,,
4,dịch vụ,0.7622831539044947,0.6929906542056073,0.7240571415615922,,
5,an toàn,0.7952184210834783,0.7991525423728814,0.7955247962765761,,
