,label,p,r,f1,micro,macro
0,ship,0.9203113947037341,0.9368534482758621,0.9279865188960177,0.8318569866651856,0.805465674769508
1,giá,0.9011389178927347,0.9083333333333335,0.9043411077372916,0.8633940182054616,0.8271146061747899
2,chính hãng,0.6483074609903986,0.7499999999999999,0.6905312914434114,0.8469867914657279,0.8124823833174336
3,chất lượng,0.7729898059673928,0.8646853146853146,0.8155222146091511,,
4,dịch vụ,0.7845807942932801,0.675700934579439,0.724030783901296,,
5,an toàn,0.7863579425175053,0.8033898305084748,0.7926841097539341,,
