,label,p,r,f1,micro,macro
0,ship,0.9185991047093698,0.9424568965517242,0.9303193795504763,0.8383719532364273,0.8083767030419493
1,giá,0.8946797284527752,0.9212500000000002,0.9074332038231212,0.8603381014304293,0.8247443257408614
2,chính hãng,0.6518356976185923,0.7354166666666667,0.685688657031717,0.8489361865381337,0.8131902285575892
3,chất lượng,0.7882629328704159,0.8470279720279719,0.8156783346148954,,
4,dịch vụ,0.7885060515585935,0.6775700934579438,0.7268315677677366,,
5,an toàn,0.8093173616992214,0.7983050847457627,0.802684790342765,,
