,label,p,r,f1,micro,macro
0,ship,0.9139375178720833,0.94375,0.9281928018895836,0.840410845731609,0.8139376272461847
1,giá,0.8920655547659664,0.9179166666666665,0.9042485506580122,0.8611833550065018,0.8249777411062459
2,chính hãng,0.6682858371694764,0.7354166666666667,0.6928787481395897,0.8502855679109246,0.8154878689096844
3,chất lượng,0.7914744663998242,0.8493006993006992,0.8181199004385993,,
4,dịch vụ,0.8039247600235735,0.6785046728971964,0.7339993434226363,,
5,an toàn,0.7958631751710983,0.806779661016949,0.7986313433028043,,
