,label,p,r,f1,micro,macro
0,ship,0.9174092452055032,0.945043103448276,0.9306758126307054,0.8367098539750467,0.8067561933224443
1,giá,0.8957747684271146,0.9041666666666668,0.8990553073476072,0.8662548764629389,0.8357497378279687
2,chính hãng,0.6503404188815758,0.775,0.7018118806532561,0.8508035279341731,0.817317598648388
3,chất lượng,0.7898529860364822,0.8573426573426574,0.8210646096956097,,
4,dịch vụ,0.7804035480615465,0.6971962616822431,0.7339803829147614,,
5,an toàn,0.8071348076838568,0.8025423728813559,0.8028526549305092,,
