,label,p,r,f1,micro,macro
0,ship,0.9173641468527032,0.9316810344827585,0.9240972721684079,0.8288559063145037,0.8068159857129149
1,giá,0.881200741434444,0.9245833333333333,0.9019930662545728,0.8588426527958386,0.8139096715938482
2,chính hãng,0.6843599106004665,0.6833333333333333,0.6750437312303672,0.8433626102595803,0.8066142179186683
3,chất lượng,0.7706580706881728,0.8561188811188811,0.8105449148633944,,
4,dịch vụ,0.7804970589887876,0.6738317757009347,0.7213921050765991,,
5,an toàn,0.7755654116655419,0.8067796610169491,0.7885060836770386,,
