,label,p,r,f1,micro,macro
0,ship,0.9133258075497726,0.9323275862068965,0.9223660847072329,0.8300286205962403,0.8069633510709758
1,giá,0.889605448739321,0.9091666666666667,0.8989297765265059,0.8574772431729517,0.8169969748803135
2,chính hãng,0.6758652384083569,0.725,0.6963231364939928,0.8432058467151802,0.8087888739374642
3,chất lượng,0.7740154702072106,0.861013986013986,0.81439952815246,,
4,dịch vụ,0.7820047904502183,0.6574766355140187,0.7119258438071292,,
5,an toàn,0.8021505411597273,0.7889830508474577,0.7940931606728088,,
