,label,p,r,f1,micro,macro
0,ship,0.9103446391211426,0.9390086206896553,0.9241237166258687,0.8221747636645166,0.7979964440161691
1,giá,0.8898335871967722,0.9129166666666668,0.9008780199100725,0.8628738621586477,0.825444585170979
2,chính hãng,0.6652144352522504,0.7291666666666667,0.6906304533551545,0.8418263915464486,0.8086776474720313
3,chất lượng,0.7657103837080768,0.8559440559440559,0.8077696835941086,,
4,dịch vụ,0.758879174802604,0.6901869158878504,0.7199863638749524,,
5,an toàn,0.7756002684686168,0.8101694915254238,0.7909729660526331,,
