,label,p,r,f1,micro,macro
0,ship,0.9109301614288551,0.9387931034482758,0.9244773403601971,0.824508426085395,0.7972517379255155
1,giá,0.8838958733069701,0.9150000000000004,0.8985780544135773,0.8587776332899869,0.8221083963034495
2,chính hãng,0.6516958827674235,0.7395833333333333,0.6902585913381343,0.8410761013376282,0.8064294509514427
3,chất lượng,0.7701489771795176,0.8531468531468531,0.8088857085231114,,
4,dịch vụ,0.7695877949448109,0.6640186915887849,0.7099475601221941,,
5,an toàn,0.7956740303943098,0.8110169491525424,0.8008284082534874,,
