,label,p,r,f1,micro,macro
0,ship,0.9205248634475682,0.9325431034482758,0.9262578175146441,0.8315937784671507,0.8096343729768354
1,giá,0.8915070806884053,0.9116666666666667,0.9011879171110108,0.8587126137841352,0.8143428744421332
2,chính hãng,0.6889932976233102,0.6979166666666667,0.6887082772300586,0.8447989085994656,0.8092757675655046
3,chất lượng,0.7730746887191651,0.8613636363636366,0.8143437458598927,,
4,dịch vụ,0.7740719344057285,0.6682242990654205,0.7158810801119178,,
5,an toàn,0.7846040390512296,0.8008474576271187,0.7906564907401843,,
