,label,p,r,f1,micro,macro
0,ship,0.9199108395249024,0.9375,0.9284582629706127,0.8263582274164316,0.80781450202233
1,giá,0.8822503173953088,0.905,0.892634741265083,0.861963589076723,0.8172284600135068
2,chính hãng,0.6966854480501414,0.6958333333333334,0.6907171156911653,0.8435367562649116,0.8095846975139912
3,chất lượng,0.7633638922408179,0.8627622377622377,0.8093686902273414,,
4,dịch vụ,0.7768620129004803,0.6850467289719626,0.7267446774157531,,
5,an toàn,0.8065951140955203,0.8059322033898304,0.8052499765802171,,
