,label,p,r,f1,micro,macro
0,ship,0.923728813559322,0.9396551724137931,0.9316239316239315,0.8125,0.8108051453402816
1,giá,0.8983050847457628,0.8833333333333333,0.8907563025210085,0.8790637191157347,0.8241450074257035
2,chính hãng,0.7272727272727273,0.6666666666666666,0.6956521739130435,0.8444722048719551,0.8150787828441579
3,chất lượng,0.7247191011235955,0.9020979020979021,0.8037383177570093,,
4,dịch vụ,0.78,0.7289719626168224,0.7536231884057971,,
5,an toàn,0.8070175438596491,0.7796610169491526,0.7931034482758621,,
