,label,p,r,f1,micro,macro
0,ship,0.8884462151394422,0.9612068965517241,0.9233954451345756,0.8229548229548229,0.8153786607703042
1,giá,0.9008264462809917,0.9083333333333333,0.904564315352697,0.8764629388816645,0.8111942799922176
2,chính hãng,0.7777777777777778,0.5833333333333334,0.6666666666666666,0.8488664987405542,0.8096077711496991
3,chất lượng,0.7739938080495357,0.8741258741258742,0.8210180623973728,,
4,dịch vụ,0.7358490566037735,0.7289719626168224,0.732394366197183,,
5,an toàn,0.7796610169491526,0.7796610169491526,0.7796610169491526,,
