,label,p,r,f1,micro,macro
0,ship,0.9,0.9310344827586207,0.9152542372881356,0.7899649941656943,0.7866829680086165
1,giá,0.8833333333333333,0.8833333333333333,0.8833333333333333,0.8803641092327699,0.8150999972205257
2,chính hãng,0.7777777777777778,0.5833333333333334,0.6666666666666666,0.8327183271832718,0.7949961567042907
3,chất lượng,0.7435158501440923,0.9020979020979021,0.8151658767772512,,
4,dịch vụ,0.6287878787878788,0.7757009345794392,0.6945606694560669,,
5,an toàn,0.8214285714285714,0.7796610169491526,0.8,,
