,label,p,r,f1,micro,macro
0,ship,0.9457013574660633,0.9008620689655172,0.9227373068432672,0.8598382749326146,0.8054145197083997
1,giá,0.9107142857142857,0.85,0.8793103448275861,0.8296488946684005,0.7887276280492523
2,chính hãng,0.5714285714285714,0.6666666666666666,0.6153846153846153,0.844473858371939,0.7957330134865362
3,chất lượng,0.833922261484099,0.8251748251748252,0.8295254833040422,,
4,dịch vụ,0.7653061224489796,0.7009345794392523,0.7317073170731707,,
5,an toàn,0.7692307692307693,0.847457627118644,0.8064516129032259,,
