,label,p,r,f1,micro,macro
0,ship,0.9391304347826087,0.9310344827586207,0.935064935064935,0.8590078328981723,0.8721163134871686
1,giá,0.9098360655737705,0.925,0.9173553719008265,0.8556566970091027,0.7844228083657668
2,chính hãng,0.875,0.5833333333333334,0.7000000000000001,0.857328990228013,0.8173174578817213
3,chất lượng,0.7832817337461301,0.8846153846153846,0.8308702791461412,,
4,dịch vụ,0.8533333333333334,0.5981308411214953,0.7032967032967032,,
5,an toàn,0.8392857142857143,0.7966101694915254,0.8173913043478261,,
