,label,p,r,f1,micro,macro
0,ship,0.897119341563786,0.9396551724137931,0.9178947368421052,0.8187422934648582,0.7946685880728811
1,giá,0.8951612903225806,0.925,0.9098360655737704,0.8634590377113134,0.8112313634372932
2,chính hãng,0.64,0.6666666666666666,0.6530612244897959,0.8405063291139241,0.8007038599265888
3,chất lượng,0.7545454545454545,0.8706293706293706,0.8084415584415584,,
4,dịch vụ,0.7865168539325843,0.6542056074766355,0.7142857142857143,,
5,an toàn,0.7868852459016393,0.8135593220338984,0.8,,
