,label,p,r,f1,micro,macro
0,ship,0.9165489545816685,0.9433189655172411,0.9295475873072576,0.8301575641535072,0.8029045313552384
1,giá,0.8961330609751694,0.9108333333333336,0.9030159058261246,0.8635890767230171,0.8235858896984419
2,chính hãng,0.6542189218321137,0.7291666666666667,0.6816078184536727,0.8463053760342835,0.8093388477777609
3,chất lượng,0.7751635416618617,0.8617132867132868,0.8154656317749938,,
4,dịch vụ,0.772458177725379,0.6728971962616822,0.7170572955267558,,
5,an toàn,0.7611408456464146,0.8305084745762713,0.7921989014193034,,
