,label,p,r,f1,micro,macro
0,ship,0.9092461150683908,0.9398706896551726,0.9240663252471719,0.8311904533316898,0.8105532572037548
1,giá,0.900799373953944,0.9087500000000001,0.9042086904120119,0.8599479843953185,0.8199907054756395
2,chính hãng,0.6880446057780708,0.7187500000000001,0.6981561329378858,0.8451342538186666,0.8122849020458947
3,chất lượng,0.7758601083925075,0.8545454545454545,0.8122195448303794,,
4,dịch vụ,0.7788160828258607,0.67803738317757,0.7227738168020249,,
5,an toàn,0.7917206390543848,0.8025423728813561,0.7954952109537667,,
