,label,p,r,f1,micro,macro
0,ship,0.920205224985547,0.935344827586207,0.9274628883503938,0.8364786971770639,0.8191682762415784
1,giá,0.9008464444207143,0.8991666666666667,0.8987984926449724,0.8589726918075422,0.8184535591167881
2,chính hãng,0.7052292992067609,0.7291666666666667,0.7073812734862795,0.8470694632807133,0.8140722418416253
3,chất lượng,0.7772191479648268,0.8636363636363636,0.8171070106703422,,
4,dịch vụ,0.7923412646300426,0.6649532710280371,0.7196115440561391,,
5,an toàn,0.8025655600584066,0.7694915254237289,0.7831322128319975,,
