,label,p,r,f1,micro,macro
0,ship,0.9164788533691575,0.9400862068965516,0.9277724009787491,0.8338763815105237,0.8088277285672296
1,giá,0.8936576425442718,0.9145833333333334,0.9034738226641134,0.8648244473342004,0.8241420316980257
2,chính hãng,0.6800901567292554,0.7124999999999998,0.6872604223105567,0.8487343274284195,0.8130995775859867
3,chất lượng,0.7841365755551786,0.8596153846153847,0.8191903913933001,,
4,dịch vụ,0.7697754146382845,0.6939252336448598,0.7278008505832146,,
5,an toàn,0.7993618759289121,0.8067796610169491,0.8015723956411316,,
