,label,p,r,f1,micro,macro
0,ship,0.9225869356115851,0.9441810344827587,0.9331099166253145,0.8333167335340372,0.8026648885714931
1,giá,0.9027501376450688,0.9070833333333335,0.9043688262251498,0.8680104031209364,0.8329488302545022
2,chính hãng,0.6290672704780607,0.7541666666666667,0.6813810876696479,0.8500671408853036,0.8139532010695184
3,chất lượng,0.7776116326748664,0.863986013986014,0.817914069259196,,
4,dịch vụ,0.7813084664478847,0.6953271028037383,0.7329921055682835,,
5,an toàn,0.7997132320925742,0.8118644067796611,0.8043960599861064,,
