,label,p,r,f1,micro,macro
0,ship,0.9177518906591672,0.9497844827586206,0.9332273004344602,0.8325864886956735,0.8072358658947574
1,giá,0.9000486059461064,0.9087499999999998,0.9039278961378967,0.8687906371911573,0.8324033924234536
2,chính hãng,0.6587208806600673,0.7604166666666667,0.6987061349946891,0.8499432363154735,0.8154079512271546
3,chất lượng,0.7761649689538233,0.8678321678321677,0.8185058271405741,,
4,dịch vụ,0.7834929832546226,0.675233644859813,0.7226725974281524,,
5,an toàn,0.7924471969750547,0.8050847457627119,0.7961815090166626,,
