,label,p,r,f1,micro,macro
0,ship,0.9139660361283107,0.9452586206896552,0.9291012265578178,0.8379982924742384,0.8094956020763423
1,giá,0.8947739127867637,0.9141666666666668,0.904194854341946,0.8652145643693107,0.8303442812692732
2,chính hãng,0.6558214437086416,0.7479166666666666,0.6904907220936216,0.851094988195479,0.815799710510791
3,chất lượng,0.7910826527900644,0.8555944055944057,0.8210867743753061,,
4,dịch vụ,0.7918339649679309,0.688785046728972,0.734124975185264,,
5,an toàn,0.8064492240437471,0.7983050847457627,0.8007164765338777,,
