,label,p,r,f1,micro,macro
0,ship,0.9254385964912281,0.9094827586206896,0.9173913043478261,0.8501971090670171,0.8194399570987594
1,giá,0.8888888888888888,0.9333333333333333,0.9105691056910569,0.8413524057217165,0.8156091631003008
2,chính hãng,0.6923076923076923,0.75,0.7199999999999999,0.8457516339869282,0.8162208698865644
3,chất lượng,0.8103448275862069,0.8216783216783217,0.8159722222222222,,
4,dịch vụ,0.7802197802197802,0.6635514018691588,0.7171717171717171,,
5,an toàn,0.7647058823529411,0.8813559322033898,0.8188976377952756,,
