,label,p,r,f1,micro,macro
0,ship,0.9098360655737705,0.9568965517241379,0.9327731092436975,0.8410852713178295,0.8253354671659132
1,giá,0.8617886178861789,0.8833333333333333,0.8724279835390947,0.846553966189857,0.7815167741271513
2,chính hãng,0.7368421052631579,0.5833333333333334,0.6511627906976745,0.8438107582631239,0.7989724828141804
3,chất lượng,0.7868852459016393,0.8391608391608392,0.8121827411167513,,
4,dịch vụ,0.8313253012048193,0.6448598130841121,0.7263157894736842,,
5,an toàn,0.7540983606557377,0.7796610169491526,0.7666666666666666,,
