,label,p,r,f1,micro,macro
0,ship,0.9146341463414634,0.9698275862068966,0.9414225941422595,0.8383458646616542,0.8127345215759849
1,giá,0.9196428571428571,0.8583333333333333,0.8879310344827586,0.8699609882964889,0.8075134334995759
2,chính hãng,0.625,0.625,0.625,0.8538608806636886,0.8080722003732868
3,chất lượng,0.7692307692307693,0.8741258741258742,0.8183306055646482,,
4,dịch vụ,0.8351648351648352,0.7102803738317757,0.7676767676767676,,
5,an toàn,0.8679245283018868,0.7796610169491526,0.8214285714285715,,
