,label,p,r,f1,micro,macro
0,ship,0.9316239316239316,0.9396551724137931,0.9356223175965666,0.845771144278607,0.8121871309365287
1,giá,0.9047619047619048,0.95,0.9268292682926829,0.8842652795838751,0.8388055960582548
2,chính hãng,0.6538461538461539,0.7083333333333334,0.68,0.8645899554990464,0.8242476580054495
3,chất lượng,0.7975077881619937,0.8951048951048951,0.8434925864909391,,
4,dịch vụ,0.7731958762886598,0.7009345794392523,0.7352941176470589,,
5,an toàn,0.676056338028169,0.8135593220338984,0.7384615384615385,,
