,label,p,r,f1,micro,macro
0,ship,0.9090909090909091,0.9482758620689655,0.9282700421940928,0.8350125944584383,0.8062508528178423
1,giá,0.8968253968253969,0.9416666666666667,0.9186991869918699,0.8621586475942783,0.819871389218795
2,chính hãng,0.6206896551724138,0.75,0.679245283018868,0.8483685220729368,0.8070334876895686
3,chất lượng,0.7757009345794392,0.8706293706293706,0.8204283360790775,,
4,dịch vụ,0.8289473684210527,0.5887850467289719,0.6885245901639344,,
5,an toàn,0.7424242424242424,0.8305084745762712,0.784,,
