,label,p,r,f1,micro,macro
0,ship,0.9166666666666666,0.9482758620689655,0.9322033898305084,0.8571428571428571,0.8293396386982371
1,giá,0.9024390243902439,0.925,0.9135802469135802,0.8426527958387516,0.8097868631529606
2,chính hãng,0.6923076923076923,0.75,0.7199999999999999,0.8498360655737704,0.8160078756759692
3,chất lượng,0.8125,0.8181818181818182,0.8153310104529616,,
4,dịch vụ,0.8227848101265823,0.6074766355140186,0.6989247311827956,,
5,an toàn,0.8,0.7457627118644068,0.7719298245614035,,
