,label,p,r,f1,micro,macro
0,ship,0.9208333333333333,0.9525862068965517,0.9364406779661018,0.8556962025316456,0.8490989340439705
1,giá,0.9166666666666666,0.9166666666666666,0.9166666666666666,0.8790637191157347,0.8208687434597846
2,chính hãng,0.7894736842105263,0.625,0.6976744186046512,0.8672225785760103,0.8320536586571547
3,chất lượng,0.7974683544303798,0.8811188811188811,0.8372093023255814,,
4,dịch vụ,0.8210526315789474,0.7289719626168224,0.7722772277227723,,
5,an toàn,0.8076923076923077,0.711864406779661,0.7567567567567568,,
