,label,p,r,f1,micro,macro
0,ship,0.8862745098039215,0.9741379310344828,0.9281314168377823,0.8079625292740047,0.7908054838510712
1,giá,0.8828125,0.9416666666666667,0.9112903225806451,0.8972691807542262,0.8614014484816934
2,chính hãng,0.6333333333333333,0.7916666666666666,0.7037037037037038,0.8502772643253236,0.8212686212481749
3,chất lượng,0.7363896848137536,0.8986013986013986,0.8094488188976378,,
4,dịch vụ,0.8152173913043478,0.7009345794392523,0.7537688442211056,,
5,an toàn,0.7123287671232876,0.8813559322033898,0.7878787878787878,,
