,label,p,r,f1,micro,macro
0,ship,0.9288702928870293,0.9568965517241379,0.9426751592356688,0.8405977584059776,0.7975281939157517
1,giá,0.888,0.925,0.9061224489795918,0.8777633289986996,0.847711249433776
2,chính hãng,0.6,0.75,0.6666666666666665,0.8587786259541985,0.8206688063674952
3,chất lượng,0.7993421052631579,0.8496503496503497,0.823728813559322,,
4,dịch vụ,0.7714285714285715,0.7570093457943925,0.7641509433962264,,
5,an toàn,0.8545454545454545,0.7966101694915254,0.8245614035087718,,
