,label,p,r,f1,micro,macro
0,ship,0.9071729957805907,0.9267241379310345,0.9168443496801706,0.8474801061007957,0.8528558023885646
1,giá,0.923728813559322,0.9083333333333333,0.9159663865546218,0.8309492847854356,0.8077637326686634
2,chính hãng,0.9,0.75,0.8181818181818182,0.8391332895600788,0.8285691267352968
3,chất lượng,0.8014184397163121,0.7902097902097902,0.795774647887324,,
4,dịch vụ,0.7319587628865979,0.6635514018691588,0.6960784313725489,,
5,an toàn,0.82,0.6949152542372882,0.7522935779816514,,
