,label,p,r,f1,micro,macro
0,ship,0.8995983935742972,0.9655172413793104,0.9313929313929314,0.8269230769230769,0.784874692194463
1,giá,0.9016393442622951,0.9166666666666666,0.9090909090909091,0.8946684005201561,0.8690886779994095
2,chính hãng,0.5405405405405406,0.8333333333333334,0.6557377049180328,0.8594628357276701,0.8195818108679902
3,chất lượng,0.7846153846153846,0.8916083916083916,0.8346972176759411,,
4,dịch vụ,0.797979797979798,0.7383177570093458,0.766990291262136,,
5,an toàn,0.868421052631579,0.559322033898305,0.6804123711340205,,
