,label,p,r,f1,micro,macro
0,ship,0.9310344827586207,0.9310344827586207,0.9310344827586207,0.8460543337645536,0.8087095513483892
1,giá,0.8790322580645161,0.9083333333333333,0.8934426229508197,0.8504551365409623,0.8219255859620024
2,chính hãng,0.6428571428571429,0.75,0.6923076923076924,0.8482490272373541,0.8137875947238656
3,chất lượng,0.8033898305084746,0.8286713286713286,0.8158347676419965,,
4,dịch vụ,0.7872340425531915,0.6915887850467289,0.7363184079601991,,
5,an toàn,0.8723404255319149,0.6949152542372882,0.7735849056603775,,
