,label,p,r,f1,micro,macro
0,ship,0.9121338912133892,0.9396551724137931,0.9256900212314225,0.8225806451612904,0.7767592433465313
1,giá,0.8951612903225806,0.925,0.9098360655737704,0.8621586475942783,0.825740219067644
2,chính hãng,0.5714285714285714,0.6666666666666666,0.6153846153846153,0.8419047619047619,0.8001412463015045
3,chất lượng,0.7833333333333333,0.8216783216783217,0.802047781569966,,
4,dịch vụ,0.7217391304347827,0.7757009345794392,0.7477477477477478,,
5,an toàn,0.8,0.8135593220338984,0.8067226890756303,,
