,label,p,r,f1,micro,macro
0,ship,0.9447236180904522,0.9690721649484536,0.9567430025445293,0.8725701943844493,0.8447674598072523
1,giá,0.896551724137931,0.8863636363636364,0.8914285714285715,0.8641711229946524,0.8262091038317593
2,chính hãng,0.775,0.8266666666666667,0.8000000000000002,0.8683503492745837,0.8336886650590699
3,chất lượng,0.7806122448979592,0.75,0.7649999999999999,,
4,dịch vụ,0.803030303030303,0.6385542168674698,0.7114093959731542,,
5,an toàn,0.8686868686868687,0.8865979381443299,0.8775510204081632,,
6,others,0.3472222222222222,0.5952380952380952,0.43859649122807015,,
