,label,p,r,f1,micro,macro
0,ship,0.9487179487179487,0.9319899244332494,0.940279542566709,0.7566909975669099,0.390498787271244
1,giá,0.9108910891089109,0.8932038834951457,0.9019607843137256,0.6327568667344863,0.42378043286101047
2,chính hãng,0.0,0.0,0.0,0.689196675900277,0.40330960923338166
3,chất lượng,0.48338368580060426,0.7174887892376681,0.5776173285198556,,
4,dịch vụ,0.0,0.0,0.0,,
5,an toàn,0.0,0.0,0.0,,
6,others,0.2727272727272727,0.5094339622641509,0.3552631578947368,,
