,label,p,r,f1,micro,macro
0,ship,0.872093023255814,0.9493670886075949,0.9090909090909091,0.8392434988179669,0.8495449712729713
1,giá,0.896,0.8682170542635659,0.8818897637795274,0.8402366863905325,0.754169266717103
2,chính hãng,0.8125,0.3939393939393939,0.5306122448979591,0.8397397989355411,0.7872143951511851
3,chất lượng,0.7898089171974523,0.8611111111111112,0.8239202657807309,,
4,dịch vụ,0.7906976744186046,0.6666666666666666,0.7234042553191489,,
5,an toàn,0.9361702127659575,0.7857142857142857,0.854368932038835,,
6,others,0.34285714285714286,0.48,0.39999999999999997,,
