,label,p,r,f1,micro,macro
0,ship,0.8945147679324894,0.8945147679324894,0.8945147679324894,0.8254172015404364,0.7950466742577775
1,giá,0.8976377952755905,0.8837209302325582,0.8906249999999999,0.8149556400506971,0.733224382651429
2,chính hãng,0.6666666666666666,0.42424242424242425,0.5185185185185185,0.8201530612244898,0.7578431228227197
3,chất lượng,0.7777777777777778,0.8263888888888888,0.8013468013468015,,
4,dịch vụ,0.7386363636363636,0.6372549019607843,0.6842105263157894,,
5,an toàn,0.7049180327868853,0.7678571428571429,0.7350427350427351,,
