,label,p,r,f1,micro,macro
0,ship,0.9186602870813397,0.810126582278481,0.8609865470852017,0.8223880597014925,0.8111095267012187
1,giá,0.9,0.627906976744186,0.7397260273972602,0.6983523447401775,0.6255003541099404
2,chính hãng,0.7692307692307693,0.30303030303030304,0.43478260869565216,0.7553118574366005,0.691969898603911
3,chất lượng,0.7686274509803922,0.6805555555555556,0.7219152854511971,,
4,dịch vụ,0.6990291262135923,0.7058823529411765,0.702439024390244,,
5,an toàn,0.8636363636363636,0.6785714285714286,0.76,,
