,label,p,r,f1,micro,macro
0,ship,0.9012345679012346,0.9240506329113924,0.9125,0.8437884378843789,0.8242045370018557
1,giá,0.8740740740740741,0.9147286821705426,0.893939393939394,0.8118343195266272,0.7552397626259836
2,chính hãng,0.72,0.5454545454545454,0.6206896551724138,0.827503015681544,0.7854499179472979
3,chất lượng,0.8079710144927537,0.7743055555555556,0.7907801418439717,,
4,dịch vụ,0.7752808988764045,0.6764705882352942,0.7225130890052356,,
5,an toàn,0.8666666666666667,0.6964285714285714,0.7722772277227722,,
6,others,0.29896907216494845,0.58,0.3945578231292517,,
