,label,p,r,f1,micro,macro
0,ship,0.9165908589140317,0.9314655172413795,0.9235787589580321,0.8337466199917033,0.8069499616015395
1,giá,0.8889784393856781,0.9029166666666668,0.8950304018619267,0.8527958387516256,0.808103889235697
2,chính hãng,0.6836727337855854,0.6812499999999999,0.6765690308310365,0.8427755038651886,0.8047891454935037
3,chất lượng,0.7871387220725846,0.8482517482517482,0.8158559814877601,,
4,dịch vụ,0.7583690538498168,0.6766355140186915,0.7129115543287644,,
5,an toàn,0.8005738991858508,0.7906779661016949,0.7926402867605262,,
