,label,p,r,f1,micro,macro
0,ship,0.9051412517639358,0.9387931034482756,0.9208940144209048,0.8302539587295229,0.8107949342871941
1,giá,0.890941691981471,0.9100000000000001,0.8998534736681041,0.8630039011703511,0.814227419025276
2,chính hãng,0.6881730190099755,0.6854166666666666,0.6822298704016632,0.8460086863670225,0.8088242736093129
3,chất lượng,0.7752894342508421,0.8701048951048952,0.8193551571386388,,
4,dịch vụ,0.7944292744297456,0.6668224299065421,0.7217888524172535,,
5,an toàn,0.7976208414154495,0.7847457627118645,0.7885166067009303,,
