,label,p,r,f1,micro,macro
0,ship,0.9132109223197054,0.9357758620689655,0.9239670227102327,0.8266131644545522,0.797839071461053
1,giá,0.8926865623943948,0.8966666666666667,0.8938157845932663,0.8617685305591678,0.8161803287216596
2,chính hãng,0.6472132529887523,0.6979166666666667,0.6658606841648457,0.8435903634689111,0.8040505532704956
3,chất lượng,0.7751817906623133,0.8678321678321679,0.8183259093568231,,
4,dịch vụ,0.7609028289400994,0.6827102803738317,0.7182833655273096,,
5,an toàn,0.7947218911397546,0.7737288135593221,0.7809342478128465,,
