,label,p,r,f1,micro,macro
0,ship,0.9086177761265178,0.9364224137931034,0.9217612870509153,0.823917214489094,0.7982588097706449
1,giá,0.889340023791747,0.9112500000000001,0.8995584201820185,0.8644993498049416,0.8173376764496648
2,chính hãng,0.6652905705404762,0.6833333333333333,0.6674157706948514,0.843294668002628,0.8045509623246382
3,chất lượng,0.7734361782995668,0.8678321678321677,0.8167219731790947,,
4,dịch vụ,0.7546095000949171,0.6878504672897197,0.7172973605163108,,
5,an toàn,0.7979057358669841,0.7813559322033898,0.7884486724936223,,
