,label,p,r,f1,micro,macro
0,ship,0.9143715660455657,0.925,0.9188985169175086,0.8227786540745052,0.7943949543681086
1,giá,0.8850143776925925,0.91625,0.8997111265151204,0.8618335500650197,0.8178139718536913
2,chính hãng,0.6458542567641143,0.6916666666666668,0.661755169991764,0.8417438142483549,0.803034878046742
3,chất lượng,0.7704945169784653,0.8664335664335663,0.8150865311430808,,
4,dịch vụ,0.7562400543598045,0.6897196261682244,0.7197230456662363,,
5,an toàn,0.7924072380852634,0.7906779661016949,0.7891291330407022,,
