,label,p,r,f1,micro,macro
0,ship,0.9220096085204551,0.9316810344827585,0.9265598759907082,0.8319855232466921,0.8076193778997001
1,giá,0.8966563949340681,0.8975000000000002,0.8962986362437523,0.8587126137841352,0.8087813030776291
2,chính hãng,0.6755239482593131,0.6645833333333333,0.6630575609321903,0.8449055728844783,0.8047933424457014
3,chất lượng,0.7764648719596742,0.8641608391608393,0.8173503209211403,,
4,dịch vụ,0.7674420658249896,0.685981308411215,0.7207003181407157,,
5,an toàn,0.7885199596253312,0.8016949152542372,0.7923682301799165,,
