,label,p,r,f1,micro,macro
0,ship,0.9182424307402322,0.9392241379310345,0.9283532010691926,0.8366556546641055,0.80904275666852
1,giá,0.8939039204072255,0.9095833333333333,0.9010392362014628,0.858192457737321,0.8210334699407371
2,chính hãng,0.6605761284837371,0.7375,0.6935357251075609,0.8469773599721359,0.8116514452008617
3,chất lượng,0.7846008459211273,0.852972027972028,0.8166592542217359,,
4,dịch vụ,0.787890457790278,0.6658878504672896,0.7186698094043564,,
5,an toàn,0.7942261999747349,0.8076271186440678,0.7980980015770512,,
