,label,p,r,f1,micro,macro
0,ship,0.9267802612448073,0.9368534482758621,0.9315794847849783,0.8368630084724933,0.8052622588170616
1,giá,0.8948665490125647,0.915,0.9044250054472712,0.8605331599479845,0.8317186135381428
2,chính hãng,0.6411507001770108,0.7729166666666667,0.6901062937183313,0.8481821588469698,0.8133968846143039
3,chất lượng,0.7877645631326374,0.848776223776224,0.81575482666592,,
4,dịch vụ,0.7757492205182882,0.6850467289719626,0.725118812455018,,
5,an toàn,0.7935329720495969,0.8033898305084746,0.7965724173874503,,
