,label,p,r,f1,micro,macro
0,ship,0.9208209504775458,0.946551724137931,0.9332938637107322,0.835357191482575,0.8076626178343179
1,giá,0.9083930456766838,0.9079166666666666,0.9078455255638846,0.8667100130039012,0.8317586270749338
2,chính hãng,0.6582126134642737,0.7479166666666666,0.6936631788899539,0.8504938901034755,0.8164783079395812
3,chất lượng,0.7814095054503324,0.8573426573426574,0.8169960742420839,,
4,dịch vụ,0.7694769741027548,0.6990654205607476,0.7305928972912523,,
5,an toàn,0.7952255583735723,0.8101694915254237,0.8016380308286173,,
