,label,p,r,f1,micro,macro
0,ship,0.9179026398353486,0.9431034482758619,0.9300773790407952,0.8397270080844258,0.8170153158058605
1,giá,0.900803592418924,0.9229166666666666,0.9114466680723717,0.871521456436931,0.8344362681576669
2,chính hãng,0.6521652911398267,0.7479166666666667,0.6922103372825806,0.8549742718365634,0.8211724630250428
3,chất lượng,0.7806087204729072,0.8713286713286713,0.8217561389636657,,
4,dịch vụ,0.8335963351622961,0.6869158878504672,0.7503717917658003,,
5,an toàn,0.8072189794960339,0.8093220338983051,0.8070878109392758,,
