,label,p,r,f1,micro,macro
0,ship,0.9149071431451418,0.9450431034482758,0.9294453272595431,0.8447355470355188,0.8213067877212831
1,giá,0.9060214962886534,0.9120833333333334,0.9085757823938672,0.8636540962288686,0.8312746436075473
2,chính hãng,0.661045820882862,0.7499999999999999,0.698204077507481,0.8536097123436045,0.8224637769009634
3,chất lượng,0.7892841972106261,0.8473776223776225,0.8153929547304681,,
4,dịch vụ,0.835275281079132,0.7018691588785047,0.7607007426134575,,
5,an toàn,0.8085186373317044,0.8059322033898306,0.8043485851285708,,
