,label,p,r,f1,micro,macro
0,ship,0.9164414622076323,0.9463362068965516,0.9308999824086671,0.8289037603744713,0.8018141308358009
1,giá,0.8972162029522943,0.9145833333333334,0.9055258191438089,0.8695708712613787,0.8324032836859134
2,chính hãng,0.6573460967340472,0.7583333333333334,0.6998442373896459,0.8484501048371345,0.8136888930956185
3,chất lượng,0.7738902527949983,0.8722027972027971,0.8192972815638822,,
4,dịch vụ,0.7641766394900329,0.6705607476635514,0.7128771449720886,,
5,an toàn,0.8067770608011635,0.826271186440678,0.81490407865763,,
