,label,p,r,f1,micro,macro
0,ship,0.9422222222222222,0.9137931034482759,0.9277899343544858,0.8687845303867403,0.8380442834138485
1,giá,0.9375,0.875,0.9051724137931034,0.8179453836150845,0.7952430988283389
2,chính hãng,0.72,0.75,0.7346938775510204,0.8425987943737441,0.8153858418643523
3,chất lượng,0.8296296296296296,0.7832167832167832,0.8057553956834533,,
4,dịch vụ,0.7608695652173914,0.6542056074766355,0.7035175879396984,,
5,an toàn,0.7758620689655172,0.7627118644067796,0.7692307692307694,,
