,label,p,r,f1,micro,macro
0,ship,0.9045643153526971,0.9396551724137931,0.9217758985200846,0.8225602027883396,0.8104813495040144
1,giá,0.8947368421052632,0.85,0.8717948717948718,0.8439531859557867,0.7820618102490484
2,chính hãng,0.75,0.625,0.6818181818181818,0.8331193838254172,0.7936033127752127
3,chất lượng,0.7639751552795031,0.8601398601398601,0.8092105263157894,,
4,dịch vụ,0.7391304347826086,0.6355140186915887,0.6834170854271356,,
5,an toàn,0.8,0.7457627118644068,0.7719298245614035,,
