,label,p,r,f1,micro,macro
0,ship,0.9276595744680851,0.9396551724137931,0.9336188436830835,0.8297872340425532,0.7940481180248546
1,giá,0.9298245614035088,0.8833333333333333,0.905982905982906,0.8621586475942783,0.8233030145276359
2,chính hãng,0.5806451612903226,0.75,0.6545454545454547,0.8456632653061223,0.805124479560319
3,chất lượng,0.7661538461538462,0.8706293706293706,0.8150572831423895,,
4,dịch vụ,0.7659574468085106,0.6728971962616822,0.7164179104477612,,
5,an toàn,0.75,0.7627118644067796,0.7563025210084034,,
