,label,p,r,f1,micro,macro
0,ship,0.9110169491525424,0.9267241379310345,0.9188034188034189,0.8426527958387516,0.8230704402191338
1,giá,0.9174311926605505,0.8333333333333334,0.8733624454148473,0.8426527958387516,0.8035664035180632
2,chính hãng,0.7391304347826086,0.7083333333333334,0.723404255319149,0.8426527958387516,0.8126711334645925
3,chất lượng,0.802675585284281,0.8391608391608392,0.8205128205128205,,
4,dịch vụ,0.7450980392156863,0.7102803738317757,0.7272727272727272,,
5,an toàn,0.8214285714285714,0.7796610169491526,0.8,,
