,label,p,r,f1,micro,macro
0,ship,0.9102040816326531,0.9612068965517241,0.9350104821802935,0.8016336056009334,0.7963128612865003
1,giá,0.8925619834710744,0.9,0.8962655601659751,0.893368010403121,0.829291572108201
2,chính hãng,0.75,0.625,0.6818181818181818,0.8450184501845018,0.8093798114069408
3,chất lượng,0.7331460674157303,0.9125874125874126,0.8130841121495327,,
4,dịch vụ,0.6956521739130435,0.7476635514018691,0.7207207207207206,,
5,an toàn,0.8035714285714286,0.7627118644067796,0.782608695652174,,
