,label,p,r,f1,micro,macro
0,ship,0.8995983935742972,0.9655172413793104,0.9313929313929314,0.826946847960445,0.7768742694021654
1,giá,0.8925619834710744,0.9,0.8962655601659751,0.8699609882964889,0.8339197347930831
2,chính hãng,0.5806451612903226,0.75,0.6545454545454547,0.8479087452471483,0.8028968703557414
3,chất lượng,0.8106312292358804,0.8531468531468531,0.8313458262350937,,
4,dịch vụ,0.7009345794392523,0.7009345794392523,0.7009345794392523,,
5,an toàn,0.7924528301886793,0.711864406779661,0.75,,
