,label,p,r,f1,micro,macro
0,ship,0.9156118143459916,0.9353448275862069,0.9253731343283582,0.8318356867779204,0.7948332642385436
1,giá,0.907563025210084,0.9,0.9037656903765691,0.8426527958387516,0.8087361768106209
2,chính hãng,0.5806451612903226,0.75,0.6545454545454547,0.8372093023255814,0.7973203522450911
3,chất lượng,0.7727272727272727,0.8321678321678322,0.8013468013468013,,
4,dịch vụ,0.7976190476190477,0.6261682242990654,0.7015706806282722,,
5,an toàn,0.7894736842105263,0.7627118644067796,0.7758620689655172,,
