,label,p,r,f1,micro,macro
0,ship,0.9279661016949152,0.9439655172413793,0.9358974358974358,0.8386683738796414,0.8065192455333008
1,giá,0.9024390243902439,0.925,0.9135802469135802,0.8517555266579974,0.8133493416026448
2,chính hãng,0.6428571428571429,0.75,0.6923076923076924,0.8451612903225806,0.8063486164935441
3,chất lượng,0.7788461538461539,0.8496503496503497,0.8127090301003345,,
4,dịch vụ,0.7804878048780488,0.5981308411214953,0.6772486772486772,,
5,an toàn,0.8,0.7457627118644068,0.7719298245614035,,
