,label,p,r,f1,micro,macro
0,ship,0.8924302788844621,0.9655172413793104,0.927536231884058,0.8308080808080808,0.8479923703578338
1,giá,0.9,0.825,0.8608695652173912,0.8556566970091027,0.785260170058752
2,chính hãng,0.8333333333333334,0.625,0.7142857142857143,0.8430493273542601,0.8083661301052606
3,chất lượng,0.755223880597015,0.8846153846153846,0.8148148148148149,,
4,dịch vụ,0.8589743589743589,0.6261682242990654,0.7243243243243243,,
5,an toàn,0.8421052631578947,0.8135593220338984,0.8275862068965518,,
