,label,p,r,f1,micro,macro
0,ship,0.9227467811158798,0.9267241379310345,0.924731182795699,0.8360450563204005,0.7943061760256827
1,giá,0.8888888888888888,0.9333333333333333,0.9105691056910569,0.8686605981794538,0.8503380742149675
2,chính hãng,0.5833333333333334,0.875,0.7000000000000001,0.8520408163265305,0.8144304223688392
3,chất lượng,0.7949526813880127,0.8811188811188811,0.8358208955223881,,
4,dịch vụ,0.7816091954022989,0.6355140186915887,0.7010309278350515,,
5,an toàn,0.8604651162790697,0.6271186440677966,0.7254901960784315,,
