,label,p,r,f1,micro,macro
0,ship,0.9291666666666667,0.9612068965517241,0.9449152542372881,0.8145539906103286,0.801130965887603
1,giá,0.8333333333333334,0.9166666666666666,0.8730158730158729,0.9024707412223667,0.8660426559153598
2,chính hãng,0.75,0.75,0.75,0.8562615669339915,0.8316376540220608
3,chất lượng,0.7581120943952803,0.8986013986013986,0.8224,,
4,dịch vụ,0.7350427350427351,0.8037383177570093,0.7678571428571429,,
5,an toàn,0.7846153846153846,0.864406779661017,0.8225806451612904,,
