,label,p,r,f1,micro,macro
0,ship,0.9132231404958677,0.9525862068965517,0.9324894514767933,0.8293299620733249,0.7859108671640662
1,giá,0.8560606060606061,0.9416666666666667,0.8968253968253967,0.8530559167750326,0.8368712923128004
2,chính hãng,0.4883720930232558,0.875,0.6268656716417911,0.841025641025641,0.7933829966441633
3,chất lượng,0.7861842105263158,0.8356643356643356,0.8101694915254237,,
4,dịch vụ,0.8857142857142857,0.5794392523364486,0.7005649717514124,,
5,an toàn,0.875,0.8305084745762712,0.8521739130434782,,
