,label,p,r,f1,micro,macro
0,ship,0.8884462151394422,0.9612068965517241,0.9233954451345756,0.8152562574493445,0.8045499416932536
1,giá,0.8879310344827587,0.8583333333333333,0.8728813559322035,0.8894668400520156,0.8393497382411337
2,chính hãng,0.7272727272727273,0.6666666666666666,0.6956521739130435,0.8507462686567164,0.820104296370187
3,chất lượng,0.7604790419161677,0.8881118881118881,0.8193548387096774,,
4,dịch vụ,0.7586206896551724,0.822429906542056,0.789237668161435,,
5,an toàn,0.8269230769230769,0.7288135593220338,0.7747747747747747,,
