,label,p,r,f1,micro,macro
0,ship,0.913559073119752,0.9379310344827589,0.925283524003947,0.8305886269884507,0.8061611000305631
1,giá,0.892658994470383,0.9041666666666666,0.897635048226712,0.8542262678803642,0.8130576357791954
2,chính hãng,0.6813016007155005,0.7124999999999999,0.6923227734817912,0.8418493127255557,0.8067002579992542
3,chất lượng,0.7774549625717645,0.8494755244755247,0.810917289619389,,
4,dịch vụ,0.7658308692754144,0.661214953271028,0.7073426546644315,,
5,an toàn,0.7857214540783239,0.8025423728813559,0.7919906892215458,,
