,label,p,r,f1,micro,macro
0,ship,0.9138499082877466,0.9312499999999998,0.9218993552621729,0.8301997764610087,0.8082366114672006
1,giá,0.8912785785618744,0.9100000000000001,0.9000089941821054,0.8580624187256175,0.8127198058950394
2,chính hãng,0.692296842630302,0.6875,0.6838391933061378,0.843407790173609,0.8070102738089047
3,chất lượng,0.7785349103695399,0.8596153846153844,0.8157836000412602,,
4,dịch vụ,0.7652228174865404,0.675233644859813,0.7135202262528474,,
5,an toàn,0.8045047246264687,0.7932203389830509,0.7975511744445266,,
