,label,p,r,f1,micro,macro
0,ship,0.9185996134649963,0.932543103448276,0.9250229239663253,0.8269128740814434,0.803377113427505
1,giá,0.887657710065224,0.9108333333333333,0.8985008027454748,0.8615734720416126,0.8128637390915028
2,chính hãng,0.6874381141457365,0.6625000000000001,0.6676060789732257,0.8434078495099164,0.8049839556101528
3,chất lượng,0.7754280588768475,0.8617132867132866,0.814343409078579,,
4,dịch vụ,0.7477620705847209,0.6967289719626167,0.7194465632871593,,
5,an toàn,0.7882767058938949,0.7932203389830509,0.7888174277308552,,
