,label,p,r,f1,micro,macro
0,ship,0.9060356188270926,0.9362068965517241,0.9204079883141991,0.8211753098599693,0.803295465798568
1,giá,0.889418072581274,0.9066666666666665,0.8973924051756876,0.8579323797139141,0.806582849366768
2,chính hãng,0.6967396024163534,0.6625000000000001,0.6736822711835668,0.8388126188700108,0.8012588069381852
3,chất lượng,0.7623460728996416,0.8625874125874124,0.8090797905896894,,
4,dịch vụ,0.761937962268479,0.6649532710280374,0.7057315794277839,,
5,an toàn,0.7743270705451734,0.7915254237288135,0.7813442369289072,,
